Timestamp,What is your age group,What is your gender?,Employment status?,What is your education level?,How many times did you test positive for COVID-19 during the pandemic?,"If you had COVID, how did the fact that you became ill impact your job?",How many vaccinations did you receive?,How would you rank the government's public support during Covid (1  to 5 = very satisfied) [Finance (Support)],How would you rank the government's public support during Covid (1  to 5 = very satisfied) [medical(vaccines)],How would you rank the government's public support during Covid (1  to 5 = very satisfied) [Public safety (social distancing)],How effective did you find the lockdown in Singapore? (rank 1 Least to 5 Most),How would you rate the usability of the Tracetogether app?,How frequently did you use the TraceTogether app or Token to check into venues in Singapore?,Did the TraceTogether app help you to maintain social distancing during the pandemic? ,Did the TraceTogether app help reduce the spread of COVID-19?,Did the government provide enough information about the TraceTogether app and its benefits?,Did the TraceTogether app enhance your sense of participation and engagement in the fight against COVID-19?,Did the TraceTogether app help you to feel more connected with other citizens during the pandemic?,Did the TraceTogether app help you to feel more connected with the government during the pandemic?,Do you think the TraceTogether app contributed to a safer environment for citizens during the pandemic?,Do you think the government should invest in more smart city technologies like the TraceTogether app in the future?,Should the government involve citizens more in developing and implementing smart city technologies in the future?,What factors motivate you to participate in smart city projects? [Ranking form 1 Least - 5 Most] [Citizens' participation],What factors motivate you to participate in smart city projects? [Ranking form 1 Least - 5 Most] [Public-private partnership],What factors motivate you to participate in smart city projects? [Ranking form 1 Least - 5 Most] [Improved lifestyle],What factors motivate you to participate in smart city projects? [Ranking form 1 Least - 5 Most] [Better healthcare],What factors motivate you to participate in smart city projects? [Ranking form 1 Least - 5 Most] [Improved public transport],What factors motivate you to participate in smart city projects? [Ranking form 1 Least - 5 Most] [Better education opportunities],What factors motivate you to participate in smart city projects? [Ranking form 1 Least - 5 Most] [More job availability],What factors motivate you to participate in smart city projects? [Ranking form 1 Least - 5 Most] [Other],"If you selected ""Other"", can you describe here?","Some cities have direct reporting or claim service for citizens. Other have social media channels where citizens can share opinions. There may be projects where groups or neighbourhoods are included in innovation, or even startups given opportunities to launch solutions through the city platform and support.

How would you prefer citizens' participation to be offered in your city?",What are the most effective ways to involve citizens in developing smart city projects? [rank 1 Least - 5 Most] [Survey],What are the most effective ways to involve citizens in developing smart city projects? [rank 1 Least - 5 Most] [City living labs],What are the most effective ways to involve citizens in developing smart city projects? [rank 1 Least - 5 Most] [Interviews],What are the most effective ways to involve citizens in developing smart city projects? [rank 1 Least - 5 Most] [feedback and report solutions],What are the most effective ways to involve citizens in developing smart city projects? [rank 1 Least - 5 Most] [inclusion with incentives],What are the most effective ways to involve citizens in developing smart city projects? [rank 1 Least - 5 Most] [others],How important is the government to involve citizens in developing smart city projects? [1 Least - 5 Most],How would you rate the effectiveness of the government in involving citizens in developing smart city projects? [1 Least - 5 Most],What factors influence citizens' willingness to participate in smart city projects? [enter] ,How are you communicating or giving feedback to the local government?,"How satisfied are you with the responses from the local government, from your feedback or inquiries? [1 Least - 5 Most]",What recommendations do you have for improving citizens' participation in smart city projects in Singapore? [enter] 
3/9/2023 20:33:13,45-54,Female,Out of work and looking for work,Bachelor’s degree,1,(4) No impact,4,3,3,3,3,3,every day,Maybe,Maybe,Yes,Yes,Maybe,Maybe,Maybe,Yes,Strongly agree,5 Most,5 Most,5 Most,5 Most,5 Most,5 Most,5 Most,3,,Not sure,5 Most,5 Most,5 Most,5 Most,5 Most,3,5,5,Incentives ,,,Roadshows to create awareness
3/9/2023 20:50:21,45-54,Male,Employed full time,Master’s degree,0,(4) No impact,3,1 Not at all satisfied,4,2,2,3,every day,No,No,No,No,No,No,No,No,Strongly agree,3,2,3,3,3,3,3,1 Least,There's no option for NA,Incentives like cashback or free healthcare ,3,4,3,3,3,1 Least,4,1,Lower price or easier life than status quo,,,Handling citizens data is dismal level with no respect to individual citizens privacy rights. Include foreigners in to the process to take it to next level 
3/11/2023 11:39:34,35-44,Male,Employed full time,Master’s degree,2,(4) No impact,3,3,Very satisfied,Very satisfied,5,5,every day,Maybe,Yes,Yes,Yes,Maybe,Yes,Yes,Yes,Strongly agree,5 Most,4,5 Most,5 Most,5 Most,4,5 Most,5 Most,Overall better social Bering ,"This question is not clear. If it gives some examples, that’s would be great ",4,5 Most,4,4,5 Most,4,5,5,Educating the public on the benefits ,Government issues app,4,Run campaign about the benefits of participating in smart city projects 
3/18/2023 19:18:18,45-54,Male,Employed full time,Bachelor’s degree,2,(4) No impact,3,1 Not applicable,3,3,3,5,every day,Maybe,Maybe,Yes,Yes,No,No,Yes,Yes,Strongly agree,3,3,3,3,3,3,3,1 Least,.,Thru social media channels ,5 Most,3,3,3,3,3,3,3,.,"Government issued app, Government website",5,.
3/18/2023 19:20:37,55-64,Male,Self-employed,Master’s degree,1,(4) No impact,3,5 Very satisfied,5 Very satisfied,5 Very satisfied,4,4,once a month,No,No,Maybe,Yes,No,No,Maybe,Yes,Strongly agree,5 Most,5 Most,5 Most,5 Most,5 Most,5 Most,5 Most,5 Most,Improved efficiency,No opinion,5 Most,5 Most,5 Most,5 Most,5 Most,1 Least,5,4,no idea,"Social Media (Facebook, Twitter, etc)",4,no opinion
3/18/2023 19:21:22,55-64,Female,Self-employed,Master’s degree,1,(2) Reduced work,2,3,5 Very satisfied,5 Very satisfied,4,4,twice a month,Yes,Maybe,Yes,Yes,No,Yes,Yes,Yes,Strongly agree,4,4,4,4,4,4,4,4,Reduce cyber crimes which is always a growing threat with new technologies,All the above methods and with neighbourhoods including education institutions to play active role too.,5 Most,3,4,5 Most,5 Most,5 Most,1,1,"Not sure if this question is about motivation, if so. then time, efforts and incentive are the factors ","Social Media (Facebook, Twitter, etc), Government website",3,There should be more awareness created
3/18/2023 19:34:05,55-64,Female,Employed full time,"High school graduate, diploma or the equivalent (for example: GED)",1,(4) No impact,4,1 Not applicable,1 Not applicable,1 Not applicable,5,5,every day,Yes,Yes,Yes,Yes,Yes,Yes,Yes,Yes,Neutral,2,2,2,2,2,2,2,2,Nil,No comments ,2,2,2,2,2,2,3,3,No comments ,Government issued app,3,No comments 
3/18/2023 19:39:28,35-44,Male,Employed full time,Bachelor’s degree,2,(4) No impact,4,4,5 Very satisfied,5 Very satisfied,4,4,every day,Yes,Yes,Yes,Yes,Yes,Yes,Yes,Yes,Strongly agree,5 Most,5 Most,5 Most,5 Most,5 Most,5 Most,5 Most,5 Most,Support g9vt project,Very liked,5 Most,5 Most,5 Most,5 Most,5 Most,2,5,5,Most important to be involved,"Social Media (Facebook, Twitter, etc), Local community center (local MP)",5,Help and unite one another
3/18/2023 19:41:25,45-54,Male,Employed full time,Bachelor’s degree,0,(4) No impact,3,2 Not satisfied,2 Not satisfied,2 Not satisfied,1,5,every day,Yes,Yes,No,Yes,Yes,Yes,Yes,Yes,Strongly agree,4,4,4,4,4,4,4,1 Least,,Online polls,5 Most,5 Most,5 Most,5 Most,5 Most,1 Least,5,5,Anonymity ,Email to relevant ministry ,3,Politicians should stay connected to people on the ground.
3/18/2023 19:42:11,65-74,Female,Self-employed,Master’s degree,1,(4) No impact,4,3,3,3,4,4,more than twice a week,Yes,Yes,Yes,Yes,Yes,Yes,Yes,Yes,Agree,3,3,3,3,3,3,3,3,To assist for betterment of everyone,By allowing citizens to give their opinion. ,3,3,4,4,4,2,4,4,By understanding its usefulness.,"Government issued app, Local community center (local MP)",3,By issuing questionnaire. 
3/18/2023 19:42:55,55-64,Female,Employed full time,Master’s degree,1,(4) No impact,4,4,5 Very satisfied,5 Very satisfied,5,5,more than twice a week,Maybe,Yes,Maybe,Yes,No,Yes,Yes,Yes,Agree,4,3,2,5 Most,5 Most,5 Most,5 Most,1 Least,,Forums,5 Most,4,5 Most,5 Most,5 Most,1 Least,4,3,Willingness to hear feedback ,Government website,3,More information on future city living
3/18/2023 19:48:55,45-54,Male,Employed full time,Bachelor’s degree,1,(4) No impact,3,3,5 Very satisfied,5 Very satisfied,4,4,more than twice a week,Yes,Yes,Yes,Yes,Yes,Yes,Yes,Yes,Agree,3,3,3,3,3,3,3,3,,Yes,3,3,3,3,3,3,3,3,Na,Government website,3,Na
3/18/2023 20:07:33,45-54,Male,Employed full time,Bachelor’s degree,2,(2) Reduced work,4,1 Not applicable,5 Very satisfied,5 Very satisfied,5,5,every day,Yes,Yes,Yes,Yes,Yes,Yes,Yes,Yes,Agree,3,3,4,4,3,4,4,1 Least,,Media app,3,3,3,4,4,3,4,5,"Incentives
","Social Media (Facebook, Twitter, etc)",4,Incentives
3/18/2023 20:09:17,45-54,Female,Retired,Master’s degree,0,(4) No impact,4,5 Very satisfied,5 Very satisfied,5 Very satisfied,5,5,every day,No,Maybe,Yes,Yes,No,No,Yes,Maybe,Agree,3,4,4,4,4,4,4,3,,Face to face sessions,4,3,4,4,5 Most,3,4,4,Perceived outcomes,Email,2,Give more incentives for participation 
3/18/2023 20:17:50,55-64,Male,Self-employed,Master’s degree,1,(4) No impact,3,2 Not satisfied,2 Not satisfied,2 Not satisfied,1,1,once a month,Maybe,No,No,No,No,No,No,No,Strongly agree,1 Least,1 Least,1 Least,1 Least,1 Least,1 Least,1 Least,1 Least,None of the above are interesting. ,More direct from every involved citizen. ,4,5 Most,5 Most,5 Most,5 Most,5 Most,5,1,Involvement in decisions which are seriously lacking. ,Waste of time. ,1,"Involvement, involvement, involvement of every citizen. "
3/18/2023 20:50:33,45-54,Male,Employed full time,Doctorate degree,1,(4) No impact,4,1 Not applicable,5 Very satisfied,5 Very satisfied,4,5,more than twice a week,Yes,Yes,Yes,Yes,No,No,Yes,Yes,Agree,4,4,5 Most,3,3,4,4,1 Least,,No. Too much noise. ,1 Least,4,3,3,5 Most,3,4,4,Related to their lives,"Government issued app, Government website",3,User experience survey and interview 
3/18/2023 21:22:05,45-54,Male,Employed full time,Bachelor’s degree,1,(2) Reduced work,3,3,3,3,5,5,every day,Yes,Maybe,Yes,Yes,Maybe,Yes,Yes,Yes,Neutral,3,3,3,4,4,4,4,4,,surveys,3,3,3,3,3,3,4,4,health,"Social Media (Facebook, Twitter, etc)",4,feedback
3/18/2023 21:37:30,45-54,Male,Self-employed,Master’s degree,1,(4) No impact,4,5 Very satisfied,5 Very satisfied,4,4,4,every day,No,Yes,Yes,Maybe,Maybe,Yes,Yes,Yes,Agree,4,4,3,5 Most,4,3,3,3,No,Workshops,1 Least,4,4,3,3,1 Least,5,3,Incentives,None now,3,Make it worth their time
3/18/2023 21:47:40,45-54,Male,Employed full time,Doctorate degree,0,(4) No impact,4,1 Not applicable,4,2 Not satisfied,2,2,every day,No,No,No,Maybe,No,Maybe,No,Maybe,Agree,3,3,4,5 Most,5 Most,5 Most,4,1 Least,,Ability to vote for PM and other high level positions,2,4,4,3,5 Most,1 Least,5,2,Belief in freedom of speech,Local community center (local MP),3,More freedom to express opposing views
3/18/2023 22:39:08,45-54,Male,Employed full time,Bachelor’s degree,1,(4) No impact,3,1 Not applicable,5 Very satisfied,5 Very satisfied,5,5,more than twice a week,Yes,Yes,Yes,Yes,Yes,Yes,Yes,Yes,Strongly disagree,5 Most,5 Most,5 Most,5 Most,5 Most,5 Most,5 Most,1 Least,,Local community,5 Most,5 Most,5 Most,5 Most,5 Most,1 Least,5,5,Seeing positive results,"Social Media (Facebook, Twitter, etc), Government website, Local community center (local MP)",5,Keep up with the modern technology
3/18/2023 23:27:10,45-54,Male,Self-employed,Bachelor’s degree,1,(4) No impact,4,3,5 Very satisfied,4,4,5,every day,Maybe,Maybe,Yes,No,No,No,Yes,Maybe,Strongly agree,5 Most,3,5 Most,5 Most,5 Most,3,4,1 Least,clicked by mistake,digital anonymized participation,2,3,4,4,5 Most,1 Least,5,5,opportunity to be heard. incentives. platform to air views about existing problems ,none - I am PR I cannot vote,1,allow PRs to vote and allow all non citizens to take part
3/18/2023 23:35:46,35-44,Female,Self-employed,Bachelor’s degree,1,(4) No impact,3,3,3,3,4,4,twice a month,Maybe,Yes,Yes,Yes,No,Yes,Yes,Yes,Agree,1 Least,1 Least,2,4,3,1 Least,1 Least,1 Least,NA,TV,1 Least,3,4,2,5 Most,1 Least,4,4,Incentives,"Social Media (Facebook, Twitter, etc), Government website",3,NA
3/19/2023 8:52:16,55-64,Male,Employed full time,"High school graduate, diploma or the equivalent (for example: GED)",1,(4) No impact,4,5 Very satisfied,5 Very satisfied,5 Very satisfied,4,5,every day,Yes,Yes,Yes,Yes,Yes,Yes,Yes,Yes,Strongly agree,5 Most,5 Most,5 Most,5 Most,5 Most,5 Most,5 Most,5 Most,,Citizens can start participate in neighborhoods programs.,4,4,3,4,4,5 Most,5,5,Social programs between citizens ,"Government issued app, Government website, Local community center (local MP)",4,Encourage more social programs within the neighborhoods. 
3/19/2023 9:03:19,25-34,Male,Employed full time,Master’s degree,1,(4) No impact,3,3,3,3,3,3,more than twice a week,No,No,No,No,No,No,No,Yes,Neutral,3,3,5 Most,4,5 Most,4,4,1 Least,,Giving ideas,3,3,3,3,3,1 Least,4,4,Money,"Social Media (Facebook, Twitter, etc)",2,Be more open about the technology used
3/19/2023 9:21:38,45-54,Female,Employed full time,Doctorate degree,1,(4) No impact,4,3,5 Very satisfied,5 Very satisfied,5,5,more than twice a week,Maybe,Maybe,Maybe,No,No,No,Yes,Yes,Agree,1 Least,1 Least,3,1 Least,1 Least,1 Least,1 Least,1 Least,,Not sure as I am not a citizen of Singapore,4,3,2,2,4,1 Least,5,3,Where citizens feel their views will truly be taken in board,"Not really, as a foreigner I don’t feel I have any right to involve in Govt affairs",3,None
3/19/2023 9:55:59,45-54,Female,Employed full time,"High school graduate, diploma or the equivalent (for example: GED)",0,(4) No impact,3,1 Not applicable,3,3,5,3,more than twice a week,Maybe,Maybe,Maybe,Maybe,Maybe,Maybe,Maybe,No,Neutral,3,3,4,4,4,4,4,1 Least,,N.A.,3,5 Most,3,5 Most,5 Most,1 Least,5,3,The benefits that citizen can use in the end of the project ,NONE,1,Take care all residents regardless which area they are staying. Not just focus on hdb area. 
3/19/2023 10:06:05,45-54,Female,Employed full time,Bachelor’s degree,1,(4) No impact,3,1 Not applicable,5 Very satisfied,5 Very satisfied,3,5,twice a month,Maybe,Yes,Yes,Maybe,No,Yes,Yes,Yes,Agree,5 Most,1 Least,3,3,5 Most,5 Most,3,1 Least,None,It shouldn’t be restricted to just citizens participation but all residents too,4,5 Most,3,3,5 Most,4,5,3,Incentives ,"Social Media (Facebook, Twitter, etc), Government issued app, Local community center (local MP)",3,Involve all residents 
3/19/2023 10:07:01,45-54,Female,Employed full time,Associate degree,0,(4) No impact,3,3,3,3,5,5,every day,Yes,Yes,Yes,Yes,Yes,Yes,Yes,Yes,Strongly agree,3,4,4,4,4,4,4,1 Least,door to door,banner advertising/ announcements ,5 Most,5 Most,5 Most,5 Most,5 Most,1 Least,5,3,money ,"Government issued app, Government website",5,door to door
3/19/2023 10:11:19,45-54,Male,Employed full time,Bachelor’s degree,2,(1) lost job,4,3,4,4,4,4,every day,No,No,No,Yes,No,Maybe,No,No,Agree,4,4,4,4,4,4,4,3,Securiry,User friendly portal,3,3,3,4,4,3,4,2,Cost vs benefits ,"Government issued app, Government website",4,Get enterprises to be more involved and filter down
3/19/2023 10:13:50,25-34,Female,Employed full time,Bachelor’s degree,1,(4) No impact,3,3,5 Very satisfied,4,3,3,more than twice a week,Maybe,Yes,No,No,No,No,Maybe,Yes,Strongly agree,5 Most,4,5 Most,5 Most,5 Most,5 Most,5 Most,1 Least,,Gov.sg form / questionnaire ,5 Most,3,4,5 Most,5 Most,1 Least,5,5,Incentives,Government website,4,More advertisement 
3/19/2023 10:17:34,45-54,Female,Employed full time,Bachelor’s degree,1,(4) No impact,5 or more,2 Not satisfied,3,3,4,5,twice a month,Yes,Yes,Yes,Yes,Yes,Yes,Yes,Yes,Strongly agree,4,4,3,4,3,3,4,1 Least,Nonr,+ Survey/feedback form like this,5 Most,4,4,5 Most,5 Most,1 Least,5,4,Incentive,"Social Media (Facebook, Twitter, etc), Government issued app, Government website, Local community center (local MP)",4,Through survey/feedback
3/19/2023 10:17:38,45-54,Male,Employed full time,Master’s degree,1,(4) No impact,4,1 Not applicable,5 Very satisfied,2 Not satisfied,5,4,every day,Yes,Maybe,Yes,No,No,No,Yes,Maybe,Agree,1 Least,3,3,3,5 Most,5 Most,3,1 Least,,I am not sure,3,3,4,4,3,1 Least,5,3,"In Singapore, money incentives probably",Government issued app,3,Need more awareness and structure to what is or could be on offer for smart city and how that can or can not be achieved
3/19/2023 10:18:35,45-54,Male,Self-employed,"High school graduate, diploma or the equivalent (for example: GED)",2,(4) No impact,3,5 Very satisfied,5 Very satisfied,5 Very satisfied,5,4,every day,Maybe,Maybe,Yes,Yes,No,Yes,Maybe,Yes,Agree,4,4,5 Most,4,5 Most,3,3,3,N/A,Ideas portal/app for citizens,4,4,3,4,3,4,5,5,"saving money, improved lifestyle",Government issued app,5,Ideas portal/app for citizens. 
3/19/2023 10:20:49,55-64,Female,Self-employed,Master’s degree,1,(3) More work,4,2 Not satisfied,5 Very satisfied,5 Very satisfied,5,5,every day,No,Yes,Yes,Maybe,Maybe,Maybe,Yes,Maybe,Strongly agree,5 Most,3,5 Most,5 Most,5 Most,5 Most,5 Most,5 Most,Visible changes adapted from suggestions of the public. Name and reward the contributor of the person who raised the suggestion.  ,Hybrid.  Please spare a thought for the non tech savvy elderly as they are struggling and left behind.,1 Least,4,5 Most,3,3,5 Most,5,3,Incentives like vouchers.,"Meet the people sessions, Email to Govt body.",3,"Encourage feedback. Reward citizens for their good ideas. Celebrate good ideas from citizens publicly so that the public is encouraged to participate and contribute positively. Start a blog for citizens to give feedback and suggestions. All government letters should be named and with contact number and and email for efficiency, effectiveness and ownership of issues. All phonecalls to government agencies should be attended to personally rather than a voice recorded set of instructions."
3/19/2023 10:21:26,55-64,Female,Employed full time,"Some high school, no diploma",2,(4) No impact,3,5 Very satisfied,5 Very satisfied,5 Very satisfied,5,5,every day,Yes,Yes,Yes,Yes,Maybe,Yes,Yes,Yes,Strongly agree,5 Most,5 Most,5 Most,5 Most,5 Most,5 Most,5 Most,5 Most,"Smart payment, cash less","Voting, suggestion, option ",5 Most,5 Most,5 Most,5 Most,5 Most,5 Most,5,5,"A token of appreciation, voucher","Government issued app, Survey",3,More awareness to the public 
3/19/2023 10:42:12,65-74,Female,Employed full time,"High school graduate, diploma or the equivalent (for example: GED)",1,(4) No impact,4,4,5 Very satisfied,5 Very satisfied,5,4,every day,Maybe,Yes,Maybe,Maybe,Maybe,Maybe,Maybe,Yes,Agree,5 Most,4,5 Most,5 Most,5 Most,5 Most,5 Most,5 Most,NA,NA,3,3,3,3,3,1 Least,5,3,NA,Local community center (local MP),2,NA
3/19/2023 10:49:43,45-54,Female,Out of work and looking for work,Bachelor’s degree,0,(4) No impact,3,1 Not applicable,3,3,5,5,every day,No,Maybe,Yes,Yes,No,No,Yes,Yes,Strongly agree,4,4,4,4,4,4,3,3,,Social media,5 Most,5 Most,5 Most,5 Most,5 Most,4,5,5,If there’s direct impact,"Social Media (Facebook, Twitter, etc), Government issued app, Government website",4,Provide incentives for participants
3/19/2023 10:54:05,45-54,Male,Employed full time,"High school graduate, diploma or the equivalent (for example: GED)",1,(2) Reduced work,4,4,5 Very satisfied,4,5,5,more than twice a week,Yes,Yes,Yes,Yes,Yes,Yes,Yes,Maybe,Agree,4,1 Least,4,4,4,4,4,4,NA,Yes,4,3,4,5 Most,4,3,4,4,Ease of access and feedback ,"Social Media (Facebook, Twitter, etc), Government issued app, Government website, Local community center (local MP)",4,na
3/19/2023 11:01:22,35-44,Female,Self-employed,Bachelor’s degree,1,(2) Reduced work,3,3,5 Very satisfied,5 Very satisfied,3,4,more than twice a week,No,No,Yes,No,No,No,Maybe,Yes,Agree,4,3,4,4,4,4,4,1 Least,,Community group,3,3,3,3,3,2,4,4,"Interest, time factor",Local community center (local MP),3,Convenient locations 
3/19/2023 11:20:20,35-44,Male,Self-employed,Bachelor’s degree,1,(2) Reduced work,3,1 Not applicable,4,4,3,3,twice a month,Yes,No,No,Yes,Yes,Yes,Yes,Yes,Neutral,3,3,3,3,3,3,3,1 Least,,No,3,3,2,4,3,3,3,3,No,Government website,3,No
3/19/2023 11:32:45,25-34,Female,A student,Bachelor’s degree,0,(4) No impact,4,5 Very satisfied,5 Very satisfied,4,4,5,every day,Maybe,Yes,Yes,Yes,Yes,No,Yes,Yes,Agree,5 Most,3,5 Most,5 Most,5 Most,5 Most,5 Most,1 Least,,Through community centre outreach. Notice boards in HDB and televised in news,5 Most,3,5 Most,5 Most,5 Most,1 Least,4,4,"Incentives (e.g vouchers), jobs","Government website, Local community center (local MP)",3,Nil
3/19/2023 11:37:31,18-24,Male,A student,Bachelor’s degree,1,(4) No impact,3,2 Not satisfied,2 Not satisfied,3,3,2,every day,Maybe,Maybe,No,No,No,No,Maybe,Maybe,Neutral,3,3,4,3,3,3,5 Most,3,Na,NA,4,4,4,4,5 Most,3,5,5,Benefits for people ,"Social Media (Facebook, Twitter, etc)",3,Give more benefits for all people in Singapore and let them join it.
3/19/2023 11:39:28,25-34,Male,A student,Bachelor’s degree,0,(4) No impact,3,2 Not satisfied,3,3,3,5,every day,Maybe,Maybe,Yes,Yes,Maybe,Yes,Yes,Yes,Strongly agree,5 Most,4,5 Most,4,5 Most,5 Most,5 Most,3,,"Involvement without too much work would be great, it sucks when participation feels like mandatory task especially when you have a heavy duty life",4,4,4,4,5 Most,3,5,4,"How much work is required, and how easy it is understanding the project ","Social Media (Facebook, Twitter, etc), Government issued app",4,"Promotion should be related to target demographics, people pay little attention to ads if they are not in their preferred language"
3/19/2023 11:39:53,35-44,Female,Employed part time,"High school graduate, diploma or the equivalent (for example: GED)",1,(2) Reduced work,3,3,5 Very satisfied,4,4,4,twice a month,Maybe,Maybe,Yes,Yes,No,Maybe,Yes,Yes,Strongly agree,4,4,5 Most,5 Most,5 Most,5 Most,5 Most,3,NA,Yes,4,4,3,4,4,3,5,3,For better living,Na,3,"Incentives and to better inform citizens on the use, benefits and implementation of the projects"
3/19/2023 11:40:04,45-54,Female,Self-employed,Doctorate degree,1,(4) No impact,3,4,5 Very satisfied,5 Very satisfied,5,5,more than twice a week,Maybe,Maybe,Yes,Maybe,Yes,Yes,Yes,Yes,Agree,4,3,4,4,4,4,4,1 Least,,Social media platforms ,4,4,3,3,5 Most,3,5,5,Satisfaction & convenience ,"Social Media (Facebook, Twitter, etc), Government issued app",5,More interactive communication with the government officials 
3/19/2023 12:13:52,18-24,Female,A student,"High school graduate, diploma or the equivalent (for example: GED)",0,(2) Reduced work,1,5 Very satisfied,3,4,5,3,Never,No,Maybe,Yes,No,No,Yes,Maybe,Yes,Strongly agree,3,2,5 Most,5 Most,5 Most,5 Most,3,3,,"Offering Startup opportunities to launch smart cities project that have direct, first hand effect to the citizen",2,5 Most,1 Least,1 Least,4,3,5,1,"Ease of Use, Money","Social Media (Facebook, Twitter, etc)",1,Be Less Political and more objective
3/19/2023 12:25:38,25-34,Male,A student,"High school graduate, diploma or the equivalent (for example: GED)",2,(4) No impact,4,4,5 Very satisfied,5 Very satisfied,5,5,every day,No,Yes,Yes,Yes,No,Yes,Yes,Yes,Strongly agree,5 Most,3,5 Most,5 Most,5 Most,5 Most,5 Most,1 Least,,online platform where we can share our opinions and ideas anonymously ,5 Most,5 Most,5 Most,5 Most,5 Most,5 Most,5,5,"The opportunity to validate themselves. To participate for the sake of nation building, as part of our national identity",Local community center (local MP),4,"Seeing the government actually implementing and considering our ideas, and them acting on the citizen's feedback."
3/19/2023 12:26:43,35-44,Female,Self-employed,Bachelor’s degree,1,(4) No impact,3,3,5 Very satisfied,5 Very satisfied,5,5,more than twice a week,Yes,Yes,Yes,Yes,Yes,Yes,Yes,Yes,Strongly agree,3,3,5 Most,5 Most,5 Most,5 Most,5 Most,1 Least,,social media channels to share opinions,4,5 Most,5 Most,5 Most,5 Most,1 Least,5,4,Knowing how it would benefit them individually,Government issued app,5,More engagements perhaps via local agencies
3/19/2023 12:30:43,35-44,Female,Self-employed,Bachelor’s degree,1,(2) Reduced work,3,2 Not satisfied,4,3,4,2,Never,No,No,Maybe,No,No,No,Maybe,Yes,Strongly agree,3,4,4,4,4,4,4,4,Accidentally chosen others ,Direct app ,2,2,2,2,4,2,5,2,Ease of adapting and adopting the new initiatives ,Didn’t provide any so far ,2,Ensure our feedback is heard and well acted 
3/19/2023 12:50:06,55-64,Male,Self-employed,Bachelor’s degree,1,(4) No impact,3,3,5 Very satisfied,5 Very satisfied,5,5,Never,Maybe,Maybe,Yes,Yes,Maybe,Maybe,Maybe,No,Agree,5 Most,5 Most,5 Most,5 Most,5 Most,5 Most,5 Most,5 Most,Enhance quality of life,Opinion sharing by citizens ,1 Least,3,4,5 Most,4,1 Least,5,5,"Level of understanding, consciousness & trust.","Government issued app, Government website",2,Trust & inclusivity 
3/19/2023 13:08:55,18-24,Male,Employed full time,Bachelor’s degree,1,(4) No impact,2,2 Not satisfied,3,3,4,3,once a month,Yes,Yes,Yes,Yes,Yes,Yes,Yes,Yes,Strongly disagree,4,3,4,5 Most,3,4,4,1 Least,,"
",2,3,4,4,5 Most,1 Least,5,4,"
","Social Media (Facebook, Twitter, etc), Government issued app, Government website",4,"
"
3/19/2023 13:36:45,45-54,Male,Employed full time,"Some college credit, no degree",1,(4) No impact,2,4,4,4,4,4,more than twice a week,Yes,No,No,Maybe,No,No,Maybe,Maybe,Agree,4,3,5 Most,5 Most,4,5 Most,5 Most,5 Most,Complete Government Transparency ,Depends on the topic,4,3,5 Most,5 Most,5 Most,5 Most,5,4,Governments not being greedy ,"Social Media (Facebook, Twitter, etc)",3,"None, all data from participants will be used by government to make more money for them with new restrictions in place so they come up on top. "
3/19/2023 13:49:38,45-54,Female,Employed full time,Master’s degree,1,(4) No impact,3,3,5 Very satisfied,3,3,3,every day,No,No,No,No,No,No,No,Maybe,Strongly agree,5 Most,5 Most,3,4,4,4,4,1 Least,Politicians should be upfront about the use of data collected. In Singapore firsr we were told it would not be used in police investigations only for another politician to comtradict this earlier statmenrt.,For the party in power to be less draconian in its use of laws to shut down public discourse online. We are legislated to the hilt (please see POFMA),3,3,5 Most,5 Most,3,3,4,1,Acknowledge that a diversity of views exist.,Government website,1,"For the government to be receptive. Do nor bulldoze over our views. Politicians do not have a monopoly on useful, intelligent ideas."
3/19/2023 14:31:00,35-44,Male,Employed full time,Master’s degree,5 or more,(4) No impact,3,5 Very satisfied,5 Very satisfied,3,1,1,every day,No,No,Yes,Maybe,No,No,No,No,Strongly agree,5 Most,4,4,5 Most,3,3,4,4,NA,Online plaform to submit idea and vote ,4,5 Most,4,3,2,3,5,4,Project that impact their daily life ,"Social Media (Facebook, Twitter, etc), Government website, Local community center (local MP)",3,NA
3/19/2023 15:28:27,55-64,Female,Employed part time,Master’s degree,1,(4) No impact,4,4,4,4,4,3,every day,Maybe,Maybe,Maybe,Maybe,No,No,Maybe,Maybe,Strongly agree,5 Most,4,5 Most,5 Most,5 Most,5 Most,5 Most,5 Most,,X,2,2,3,3,3,3,3,3,X,"Social Media (Facebook, Twitter, etc), Government issued app, Government website, Local community center (local MP)",3,X
3/19/2023 17:11:14,35-44,Female,Employed full time,Bachelor’s degree,1,(4) No impact,3,3,4,4,5,4,every day,Yes,Yes,Maybe,Yes,No,No,Yes,Yes,Agree,4,3,3,3,3,4,4,3,Na,Constant and consistent updates to citizens to make us feel at ease. More use of easy to adopt technology ,3,1 Least,2,3,3,1 Least,4,4,"Convenience to participate, the what’s in it for citizens should be obvious beneficial for them","Social Media (Facebook, Twitter, etc)",3,Can’t think of any specific recommendations now 
3/19/2023 19:32:43,18-24,Male,A student,Bachelor’s degree,1,(2) Reduced work,3,5 Very satisfied,5 Very satisfied,5 Very satisfied,4,4,once a month,Yes,Yes,Yes,Yes,Yes,Yes,Yes,Yes,Agree,5 Most,4,5 Most,5 Most,5 Most,4,5 Most,1 Least,,online activity,5 Most,4,4,5 Most,5 Most,5 Most,5,5,easy to join or hardly to get feedback,"Government issued app, Government website",5,feedback quickly
3/19/2023 19:49:13,18-24,Male,A student,Bachelor’s degree,0,(2) Reduced work,3,1 Not applicable,5 Very satisfied,5 Very satisfied,5,5,every day,Yes,Yes,Maybe,Yes,No,No,Yes,Yes,Agree,3,3,4,5 Most,5 Most,5 Most,4,5 Most,"Greener city, cleaner environment, animal health and safety","Physical townhall meetings with people who are motivated to join, maybe even mandatory random invitations to citizens. ",3,5 Most,4,3,5 Most,3,5,2,Do they feel the direct impact? Monetary or social benefits? ,Local community center (local MP),2,Implement the general population a little bit more.
3/19/2023 20:41:27,18-24,Female,A student,"Some college credit, no degree",1,(4) No impact,3,3,4,4,5,5,every day,Maybe,Maybe,Yes,No,Maybe,No,Yes,Maybe,Agree,4,4,5 Most,5 Most,5 Most,5 Most,5 Most,4,agreement by the government to not leak our information,fun booths,3,4,3,4,4,3,5,4,incentives or by making it compulsory,"Social Media (Facebook, Twitter, etc)",4,more interactive pop-ups
3/19/2023 21:59:39,55-64,Female,Employed part time,Master’s degree,0,(4) No impact,3,3,3,3,5,5,more than twice a week,Yes,Yes,Maybe,Yes,Maybe,Maybe,Yes,Maybe,Strongly agree,4,3,4,4,4,4,4,1 Least,Better promotion of the government initiatives ,Involve neighbourhoods,4,4,4,4,5 Most,2,5,3,Knowledge and understanding about projects and how it impacts citizens ,Local community center (local MP),3,Roadshows in community clubs to make citizens better understand projects 
3/20/2023 8:47:39,55-64,Female,Employed full time,Master’s degree,1,(4) No impact,3,1 Not applicable,3,3,5,5,every day,Yes,Yes,Yes,Yes,Yes,Yes,Yes,Yes,Strongly agree,3,2,3,3,3,3,3,1 Least,,Social media,2,2,3,3,3,1 Least,5,5,Awareness ,"Social Media (Facebook, Twitter, etc)",3,Incentives 
3/20/2023 18:16:20,18-24,Male,A student,"Some college credit, no degree",0,(4) No impact,3,1 Not applicable,3,2 Not satisfied,3,4,every day,Maybe,Maybe,Yes,Yes,No,Yes,Yes,Yes,Agree,3,2,3,3,3,3,4,3,Anyway that benefits environmental causes,More enthusiastic ,3,4,3,4,4,3,4,3,Enthusiasm,"Government issued app, Government website",3,Present the changes and benefits that could bring when we develop the smart city
3/20/2023 22:15:33,55-64,Male,Self-employed,Master’s degree,1,(4) No impact,4,2 Not satisfied,3,3,3,3,more than twice a week,No,Maybe,Yes,Yes,Yes,No,Yes,Yes,Strongly agree,3,3,4,4,4,3,3,4,Government services can be accessed quickly without the usual merry-go-round of trying to uncover who to contact,"There are already initiatives at the ""grassroots"" level in Singapore, for example the ''Conversations"" series, where govt reps meet and sit in with ""selected"" citizens and residents.  The key is for the govt to take feedback seriously and act on it.  Often the feeling is the govt is only going through a paper exercise and providing lip service.",3,4,3,4,4,3,5,2,What's in it for them ultimately?  How would their lives change for the better?,I very rarely do - for the reasons stated above,1,This is a tough one.  This country is organised from the top down.  Citizens/residents have extremely little leeway to effect any kind of change.  
3/21/2023 10:47:37,45-54,Male,Self-employed,Bachelor’s degree,0,(4) No impact,3,5 Very satisfied,5 Very satisfied,4,4,3,every day,No,Maybe,Maybe,No,No,No,Maybe,Maybe,Agree,3,3,5 Most,5 Most,5 Most,5 Most,5 Most,1 Least,NA,working groups/feedback model,4,3,4,4,4,1 Least,4,4,benefits to self and community,"Social Media (Facebook, Twitter, etc), email",3,NA
3/21/2023 23:09:22,25-34,Male,Self-employed,Bachelor’s degree,0,(4) No impact,2,2 Not satisfied,3,4,4,5,more than twice a week,Maybe,Yes,Yes,Maybe,No,Maybe,Maybe,Yes,Strongly agree,5 Most,5 Most,4,5 Most,4,5 Most,5 Most,1 Least,  ,"Direct reporting or claim services can be very useful for citizens who need to report a problem or request assistance from the city, social media channels can be an excellent way for citizens to share their opinions and feedback on city issues. This method is often more accessible and inclusive, as it allows for broader participation and engagement, Innovation projects that include groups or neighbourhoods can be an effective way to involve citizens in shaping city policies and decisions. By giving citizens a more active role in the process, the city can benefit from diverse perspectives and creative solutions, and finally, providing opportunities for startups to launch solutions through the city platform can encourage innovation and entrepreneurship while solving city problems. This approach can bring fresh ideas and solutions to complex problems. Ultimately, the best approach for citizen participation in a city will depend on the specific needs and priorities of the community. A combination of different approaches ",4,5 Most,5 Most,5 Most,5 Most,1 Least,3,4,"There are several factors that can influence citizens' willingness to participate in smart city projects. Here are some of the most important ones:

Awareness: Citizens need to be aware of the smart city project and its potential benefits to their lives. If they don't understand the project, they are less likely to participate.

Perceived usefulness: Citizens must perceive that the smart city project will be useful to them in some way, such as improving their quality of life, reducing traffic congestion, or providing more efficient public services.

Perceived ease of use: If citizens perceive the smart city project as easy to use and access, they are more likely to participate.

Trust: Citizens need to trust the institutions and entities that are behind the smart city project. If they have concerns about data privacy or security, for example, they may be hesitant to participate.

Incentives: Citizens may be more willing to participate if they receive incentives, such as discounts on services or products, or access to exclusive events.

Community involvement: Citizens are more likely to participate if they feel like they are part of a larger community effort. Smart city projects that involve citizen participation in decision-making or problem-solving can help create a sense of ownership and pride.

Education: Education and awareness campaigns can help citizens understand the importance of the smart city project and their role in it, which can increase participation.","Social Media (Facebook, Twitter, etc)",3,"Singapore is a city-state that has already made significant progress in developing smart city projects. However, there is always room for improvement in terms of citizen participation. Here are some recommendations to increase citizens' participation in smart city projects in Singapore:

Increase Awareness: There is a need to increase awareness of smart city projects among citizens in Singapore. This can be achieved through various channels such as public forums, workshops, exhibitions, and social media campaigns.

Encourage Feedback: Smart city projects should be designed with citizen feedback in mind. Citizens should be encouraged to provide feedback on the projects, and the feedback should be taken into account in the design and implementation of the projects.

Empower Citizens: Citizens should be empowered to participate in smart city projects through various means such as online portals, mobile applications, and other engagement platforms. The platforms should be user-friendly, and citizens should be able to participate easily.

Promote Trust: The government and private sector partners should work together to promote trust among citizens in smart city projects. This can be achieved by being transparent about data usage, security, and privacy policies.

Incentives: Providing incentives can encourage citizens to participate in smart city projects. For example, discounts on public services, free Wi-Fi, or rewards for providing feedback can motivate citizens to participate.

Education: Education and awareness campaigns can help citizens understand the benefits of smart city projects and their role in them. These campaigns can be conducted through various channels such as schools, universities, and community centers.

Collaboration: Collaboration between government agencies, private sector partners, and citizens is critical to the success of smart city projects. This collaboration can help to identify issues, co-create solutions, and improve the overall quality of life in Singapore."
3/22/2023 19:08:08,45-54,Female,Self-employed,Bachelor’s degree,1,(2) Reduced work,3,4,5 Very satisfied,5 Very satisfied,5,5,every day,No,Maybe,Maybe,Yes,Yes,Yes,Yes,Yes,Agree,5 Most,5 Most,5 Most,5 Most,5 Most,5 Most,5 Most,1 Least,,Social media ,5 Most,5 Most,5 Most,5 Most,5 Most,1 Least,5,4,Bring convenience in cost effective ways,"Social Media (Facebook, Twitter, etc)",3,Not sure 
3/22/2023 21:19:08,25-34,Male,Employed full time,Bachelor’s degree,1,(4) No impact,3,3,5 Very satisfied,5 Very satisfied,4,5,every day,Maybe,Maybe,Maybe,No,No,No,Yes,Yes,Strongly agree,5 Most,4,4,4,4,5 Most,5 Most,1 Least,,Run collaborative programs or Smart Nation Hackathons to collate and analyse data to create A digital twin of items,3,4,5 Most,5 Most,5 Most,1 Least,5,3,Unfortunately no one here is gonna do with without any monetary incentive,Doesn’t matter they don’t follow through,3,Smart building management and centralised cooling for a building for reduced energy consumption. We can also consider data transparency in non invasive monitoring like traffic and the city so that we can harness collective intelligence to address traffic and manage overcrowded areas for improved movement across key areas like CBD
3/27/2023 11:15:08,45-54,Male,Self-employed,Master’s degree,0,(4) No impact,5 or more,2 Not satisfied,5 Very satisfied,4,4,4,more than twice a week,Maybe,No,No,Yes,Maybe,No,Yes,No,Agree,5 Most,3,5 Most,5 Most,5 Most,4,4,4,Connectivity to other aspects of your life. ,Online forum that's is accessible to everyone and there is a timely and effective response from the relevant government body. ,5 Most,3,4,5 Most,3,5 Most,5,5,"Clear indication of the desired outcomes at the start of the project. How it would benefit them, save time, reduce waste or environmental enhancement. ",Government issued app,3,"An acknowledgement of citizen's participation in surveys. Eg, your participation in survey X led us to pursue this solution in resolving this problem. "
3/29/2023 7:42:33,45-54,Female,Out of work and looking for work,Bachelor’s degree,1,(2) Reduced work,3,5 Very satisfied,5 Very satisfied,5 Very satisfied,4,4,every day,Maybe,Maybe,Yes,Yes,Maybe,Maybe,Maybe,Yes,Agree,5 Most,5 Most,5 Most,5 Most,5 Most,5 Most,5 Most,4,,NA,5 Most,5 Most,5 Most,5 Most,5 Most,4,5,5,NA,"Government issued app, Local community center (local MP)",3,NA
4/19/2023 17:15:50,45-54,Male,Employed full time,Bachelor’s degree,1,(4) No impact,4,5 Very satisfied,5 Very satisfied,5 Very satisfied,5,5,every day,Yes,Yes,Yes,Yes,Yes,Yes,Yes,Yes,Strongly disagree,4,4,4,4,4,4,4,1 Least,NA,NA,4,4,3,4,4,1 Least,4,4,incentives,Government website,4,NA
4/19/2023 17:24:18,45-54,Male,Employed full time,Trade/technical/vocational training,1,(4) No impact,4,1 Not applicable,5 Very satisfied,5 Very satisfied,5,5,every day,Yes,Yes,Yes,Yes,No,Yes,Yes,Yes,Strongly agree,5 Most,1 Least,5 Most,5 Most,5 Most,5 Most,5 Most,1 Least,,NIL,5 Most,1 Least,1 Least,1 Least,5 Most,1 Least,5,5,Time,"Social Media (Facebook, Twitter, etc), Government issued app",5,NIL
4/19/2023 17:31:39,25-34,Female,Employed full time,Bachelor’s degree,1,(4) No impact,3,1 Not applicable,3,3,4,4,more than twice a week,Maybe,Maybe,Maybe,Yes,Maybe,Maybe,Yes,Maybe,Neutral,2,2,3,3,3,3,3,1 Least,,Website,3,1 Least,1 Least,1 Least,3,1 Least,3,3,Something that will benefit them,Did not do any,3,Allowing citizens to understand what will they gain from it
4/20/2023 20:59:15,45-54,Prefer not to say,Employed full time,Bachelor’s degree,2,(4) No impact,3,1 Not applicable,2 Not satisfied,2 Not satisfied,1,1,every day,No,No,No,No,No,No,No,No,Neutral,2,3,3,3,3,2,1 Least,2,Faster access to services ,Through incentives and rebates,1 Least,3,3,3,5 Most,4,4,3,Direct monetary benefits I.e. Savings on efficient transport system ,"Social Media (Facebook, Twitter, etc)",2,More participation in grassroots
4/21/2023 8:14:02,45-54,Prefer not to say,Employed full time,Bachelor’s degree,1,(2) Reduced work,2,3,3,3,5,5,every day,Maybe,Maybe,Maybe,No,No,No,No,Maybe,Strongly agree,4,3,4,4,4,4,4,1 Least,,alread covered,3,4,3,4,4,1 Least,5,5,benefits,"Government website, Local community center (local MP)",5,none for now
4/21/2023 8:47:08,45-54,Female,Employed full time,Bachelor’s degree,1,(4) No impact,3,1 Not applicable,3,3,5,5,twice a month,Maybe,Maybe,Yes,Maybe,Maybe,Maybe,Yes,Yes,Agree,5 Most,3,5 Most,5 Most,5 Most,5 Most,5 Most,5 Most,Na,"Survey, community discussion ",5 Most,5 Most,3,3,5 Most,1 Least,5,5,Na,"Social Media (Facebook, Twitter, etc), Local community center (local MP)",3,Listen to all types of people
4/21/2023 9:35:12,25-34,Female,Employed full time,"High school graduate, diploma or the equivalent (for example: GED)",2,(2) Reduced work,3,5 Very satisfied,5 Very satisfied,5 Very satisfied,5,5,every day,Maybe,Yes,Yes,Yes,Yes,Yes,Yes,Maybe,Neutral,2,1 Least,5 Most,4,3,3,3,3,,"via phone, survey forms.",2,1 Least,3,4,5 Most,3,5,4,people around them/incentives,"Social Media (Facebook, Twitter, etc), Local community center (local MP)",5,"education, for elderly who may not be so accepting."
4/21/2023 14:16:56,45-54,Female,Employed full time,"High school graduate, diploma or the equivalent (for example: GED)",2,(3) More work,3,1 Not applicable,3,3,3,3,more than twice a week,Maybe,Yes,Maybe,Yes,No,Yes,Yes,Maybe,Agree,4,4,4,4,4,4,4,1 Least,,As for now all is good ,4,4,3,5 Most,5 Most,1 Least,5,3,Stability and sustainability ,Government website,4,None as for now 
4/22/2023 4:27:23,45-54,Female,Employed full time,Trade/technical/vocational training,0,(4) No impact,3,3,3,3,5,5,every day,Yes,Yes,Yes,Yes,Yes,Yes,Yes,Yes,Strongly disagree,4,4,4,4,4,4,4,4,Person to person interaction ,neighbourhood gatherings ,3,5 Most,5 Most,4,5 Most,5 Most,5,5,person to person interaction ,"Government issued app, Local community center (local MP)",5,person to person interaction 
4/22/2023 6:07:19,45-54,Female,Employed full time,Bachelor’s degree,1,(4) No impact,4,3,5 Very satisfied,5 Very satisfied,5,3,every day,No,No,Yes,No,No,No,No,Maybe,Agree,3,1 Least,4,4,4,4,1 Least,5 Most,Help a friend who is involved in this project ,Online survey like this,4,1 Least,2,2,4,4,5,4,"Openness to ideas, meaningfulness of the project and how it impacts me personally ","Social Media (Facebook, Twitter, etc)",5,Nil
4/22/2023 10:41:35,35-44,Male,Employed full time,Bachelor’s degree,1,(4) No impact,4,3,3,2 Not satisfied,4,3,more than twice a week,Maybe,Maybe,Yes,Maybe,Maybe,Maybe,Maybe,Maybe,Strongly agree,5 Most,3,5 Most,5 Most,5 Most,5 Most,5 Most,3,N.A,As much as possible,3,3,3,3,5 Most,1 Least,5,4,Benefit to the society,"Social Media (Facebook, Twitter, etc)",4,Incentives and benefits for the society
4/22/2023 23:49:48,55-64,Male,Self-employed,"Some high school, no diploma",0,(2) Reduced work,2,4,5 Very satisfied,4,4,4,every day,Maybe,Maybe,Yes,Yes,No,Maybe,Yes,Maybe,Strongly agree,4,3,5 Most,4,5 Most,5 Most,5 Most,5 Most,That the smart city projects can make living in the city more green environmentally sustainable,An open platform where both citizens and companies can suggest ideas and projects that are then evaluated for feasibility and checked for popularity through polls of the citizens.,4,3,4,5 Most,5 Most,3,5,3,First of all that the citizens hear about it in a way where the projects are easily understood as to content and what role one may play in their implementation,Some times directly when speaking with civil servants,3,More communication and participation of the citizens
4/24/2023 17:04:53,45-54,Male,Employed full time,Bachelor’s degree,1,(2) Reduced work,3,3,4,4,4,5,every day,Yes,Yes,Yes,Yes,Yes,Yes,Yes,Yes,Strongly agree,4,4,5 Most,5 Most,5 Most,4,4,4,Weather forecast information,Social media channels,3,3,3,4,4,3,5,4,Change and Benefits brought by the smart city,"Social Media (Facebook, Twitter, etc), Government website",4,Free ice cream
4/24/2023 17:05:08,45-54,Male,Employed full time,Bachelor’s degree,1,(2) Reduced work,3,3,4,4,4,5,every day,Yes,Yes,Yes,Yes,Yes,Yes,Yes,Yes,Strongly agree,4,4,5 Most,5 Most,5 Most,4,4,4,Weather forecast information,Social media channels,3,3,3,4,4,3,5,4,Change and Benefits brought by the smart city,"Social Media (Facebook, Twitter, etc), Government website",4,Free ice cream
5/11/2023 16:40:18,55-64,Male,Employed full time,"Some high school, no diploma",2,(4) No impact,3,5 Very satisfied,5 Very satisfied,5 Very satisfied,5,4,every day,Yes,Yes,Yes,Yes,Yes,Yes,Yes,Yes,Strongly disagree,2,2,2,2,2,2,2,2,Na,Na,3,3,3,3,3,3,5,5,Na,"Social Media (Facebook, Twitter, etc)",5,Na
5/22/2023 8:47:04,35-44,Female,Employed full time,Master’s degree,0,(4) No impact,3,4,4,3,2,3,every day,No,No,Yes,No,No,No,No,No,Agree,1 Least,1 Least,1 Least,1 Least,1 Least,1 Least,1 Least,1 Least,Helping a friend out with the survey,Yes. But it is not allowed in here,1 Least,3,3,3,3,1 Least,5,1,Money,Local community center (local MP),1,I’m not too sure
5/27/2023 12:29:05,25-34,Female,Employed full time,"High school graduate, diploma or the equivalent (for example: GED)",0,(4) No impact,3,1 Not applicable,1 Not applicable,1 Not applicable,5,5,every day,Yes,Yes,Yes,Yes,Yes,Yes,Yes,Yes,Agree,1 Least,1 Least,1 Least,1 Least,1 Least,1 Least,1 Least,1 Least,Na,Na,5 Most,5 Most,5 Most,5 Most,5 Most,5 Most,5,5,Na,Na,3,Na
5/27/2023 12:33:59,18-24,Male,Employed full time,"High school graduate, diploma or the equivalent (for example: GED)",1,(4) No impact,2,2 Not satisfied,2 Not satisfied,2 Not satisfied,3,3,twice a month,Yes,Yes,Yes,Yes,Yes,Yes,Yes,Yes,Neutral,3,3,3,3,3,3,3,3,Nil ,Nil ,3,3,3,3,3,3,3,3,Nil,"Social Media (Facebook, Twitter, etc)",3,Nil
5/27/2023 12:59:45,18-24,Female,Employed full time,"High school graduate, diploma or the equivalent (for example: GED)",3,(2) Reduced work,3,4,4,4,4,5,every day,Yes,Maybe,Yes,Maybe,Yes,Maybe,Yes,Yes,Agree,3,3,5 Most,5 Most,5 Most,5 Most,5 Most,3,Better control of people moving around,Engaging citizen through video watching as not all citizens are willing and free to be physical.,3,4,3,5 Most,5 Most,3,5,4,Incentive given as well as dependency on jobs,"Social Media (Facebook, Twitter, etc), Government issued app, Local community center (local MP)",4,Be more aware of what the citizens really are in need of
5/27/2023 13:10:04,25-34,Male,Employed full time,"High school graduate, diploma or the equivalent (for example: GED)",1,(3) More work,3,4,4,4,4,4,more than twice a week,Maybe,Maybe,Yes,Yes,Yes,Yes,Yes,Yes,Agree,4,4,5 Most,5 Most,5 Most,5 Most,5 Most,4,Nil,"projects where groups or neighbourhoods are included in innovation, or even startups given opportunities to launch solutions through the city platform and support",4,4,4,4,4,4,5,3,"Timing of the event, outcome and benefits ","Government issued app, Government website",4,Nil
5/27/2023 18:23:47,35-44,Male,Employed full time,Bachelor’s degree,1,(4) No impact,3,1 Not applicable,1 Not applicable,5 Very satisfied,5,5,every day,Yes,Yes,Yes,Yes,Yes,Yes,Yes,Yes,Strongly agree,5 Most,5 Most,5 Most,5 Most,5 Most,5 Most,5 Most,3,,Be active,5 Most,5 Most,5 Most,5 Most,5 Most,5 Most,5,5,Awareness,"Social Media (Facebook, Twitter, etc), Government issued app, Government website",5,Be involved
5/27/2023 18:24:17,45-54,Male,Employed full time,Bachelor’s degree,1,(2) Reduced work,4,5 Very satisfied,5 Very satisfied,5 Very satisfied,5,4,every day,Yes,Yes,Yes,Yes,Yes,Yes,Yes,Yes,Strongly agree,3,3,3,4,4,4,4,4,Work job Efficiency ,Digital apps with incentives,4,4,4,4,5 Most,3,5,5,Incentives,"Social Media (Facebook, Twitter, etc), Government issued app, Government website",4,Us eof digital apps with Incentives 
5/27/2023 18:25:41,18-24,Male,Employed full time,Bachelor’s degree,0,(4) No impact,3,4,4,4,5,5,once a month,Yes,Yes,Yes,Yes,Yes,Yes,Yes,Yes,Neutral,4,4,4,4,4,4,4,4,Na,Make it easy to access,4,4,4,4,4,4,5,5,If they getxgood benefits,"Social Media (Facebook, Twitter, etc)",5,Make it environment friendly
5/28/2023 12:39:04,35-44,Female,Employed full time,"High school graduate, diploma or the equivalent (for example: GED)",4,(4) No impact,4,3,5 Very satisfied,5 Very satisfied,5,5,every day,Yes,Yes,Yes,Yes,Yes,Yes,Yes,Yes,Strongly agree,5 Most,4,4,5 Most,5 Most,5 Most,5 Most,3,,Good,3,3,3,3,3,3,4,4,Good ,Local community center (local MP),4,Good 
5/28/2023 12:42:16,25-34,Female,Employed full time,Nursery school to 8th grade,2,(4) No impact,2,2 Not satisfied,2 Not satisfied,2 Not satisfied,1,2,more than twice a week,Yes,Yes,Yes,Yes,Yes,Yes,Yes,Yes,Agree,3,3,3,3,3,3,3,3,Ok,Good,4,4,4,4,4,4,5,5,Easy,"Social Media (Facebook, Twitter, etc)",5,Easy
5/28/2023 13:04:00,45-54,Female,Employed full time,"Some college credit, no degree",1,(4) No impact,4,1 Not applicable,1 Not applicable,1 Not applicable,2,1,more than twice a week,Yes,Yes,Yes,Yes,Yes,Yes,Yes,Maybe,Neutral,1 Least,2,1 Least,1 Least,1 Least,1 Least,1 Least,1 Least,Easier to track easier to stop spreading ,Use token always,2,2,2,2,2,2,2,2,Health awareness ,"Social Media (Facebook, Twitter, etc)",1,Obedience 
5/28/2023 22:01:27,35-44,Female,Employed full time,Trade/technical/vocational training,1,(2) Reduced work,2,1 Not applicable,5 Very satisfied,5 Very satisfied,2,5,more than twice a week,Yes,Yes,Yes,Yes,Yes,Maybe,Yes,Maybe,Agree,4,2,5 Most,5 Most,5 Most,5 Most,1 Least,1 Least,Convink,Convenience ,5 Most,3,2,5 Most,5 Most,5 Most,3,3,More benifits,"Social Media (Facebook, Twitter, etc)",5,Via multimedia and thru contact
5/28/2023 22:13:21,35-44,Female,Employed full time,"High school graduate, diploma or the equivalent (for example: GED)",3,(2) Reduced work,3,4,5 Very satisfied,5 Very satisfied,5,5,every day,Yes,Yes,Yes,Yes,Yes,Yes,Yes,Maybe,Agree,3,4,5 Most,5 Most,5 Most,5 Most,5 Most,5 Most,,Most prefered,5 Most,5 Most,5 Most,5 Most,5 Most,5 Most,5,5,Less time,"Social Media (Facebook, Twitter, etc)",4,"Join every activities
"
5/28/2023 23:02:13,45-54,Female,A homemaker,"Some college credit, no degree",2,(2) Reduced work,4,2 Not satisfied,3,3,4,5,every day,Yes,Yes,Yes,Yes,Yes,Yes,Yes,Yes,Agree,4,4,4,4,4,4,4,4,To help our elderly for safety and good health care facilities.,They have own ideas of how yo improve the city’s ,4,4,4,4,4,4,5,5,They can share their opinion to create something good for the community.,"Government issued app, Government website, Local community center (local MP)",5,Unity 
5/28/2023 23:04:03,35-44,Female,Employed full time,"Some college credit, no degree",1,(2) Reduced work,4,1 Not applicable,1 Not applicable,1 Not applicable,5,4,twice a month,Yes,Yes,Yes,Yes,Yes,Yes,Yes,Yes,Strongly agree,3,3,3,3,3,3,3,1 Least,,give more knowledge about covid so we can fight against virus,4,4,4,4,4,1 Least,5,5,joining to more knowledgeable activities,"Social Media (Facebook, Twitter, etc), Government issued app",5,must engage to knowledgeable activities
5/28/2023 23:27:31,45-54,Female,A homemaker,"Some college credit, no degree",1,(2) Reduced work,3,1 Not applicable,5 Very satisfied,5 Very satisfied,5,5,more than twice a week,Yes,Yes,Yes,Yes,Yes,Yes,Yes,Yes,Agree,5 Most,5 Most,5 Most,5 Most,5 Most,5 Most,5 Most,1 Least,,Citizens needs to heard and consider their opinions ,5 Most,5 Most,5 Most,5 Most,5 Most,3,5,5,A well improved environment helps citizens their lifestyles safer and happy living,"Social Media (Facebook, Twitter, etc)",5,Cooperation
5/29/2023 6:41:27,35-44,Female,Employed full time,"Some college credit, no degree",1,(2) Reduced work,3,1 Not applicable,1 Not applicable,1 Not applicable,1,5,more than twice a week,Yes,Yes,Yes,Yes,Yes,Yes,Yes,Yes,Agree,2,2,2,2,2,2,2,2,Just if have any more option.,I not sure about it sorry.,2,2,2,2,2,2,5,5,Social media ,"Social Media (Facebook, Twitter, etc)",5,I don't think so 
5/29/2023 9:35:35,35-44,Female,Employed full time,"High school graduate, diploma or the equivalent (for example: GED)",3,(2) Reduced work,3,5 Very satisfied,5 Very satisfied,5 Very satisfied,4,4,every day,Yes,Yes,Yes,Yes,Yes,Yes,Yes,Yes,Agree,5 Most,5 Most,5 Most,5 Most,5 Most,5 Most,5 Most,1 Least,,Móst prefered,5 Most,5 Most,5 Most,5 Most,5 Most,5 Most,5,5,Health,"Social Media (Facebook, Twitter, etc)",5,More health tips
6/1/2023 19:15:21,35-44,Female,Employed full time,Master’s degree,1,(4) No impact,3,3,5 Very satisfied,4,4,4,every day,No,No,Maybe,Maybe,Maybe,No,Maybe,No,Agree,4,4,4,5 Most,5 Most,4,5 Most,4,NA,Nil,3,5 Most,4,5 Most,5 Most,3,5,5,Understand the benefits and incentive ,"Social Media (Facebook, Twitter, etc)",3,Nil
6/1/2023 19:34:17,45-54,Male,Employed full time,Master’s degree,1,(4) No impact,3,5 Very satisfied,5 Very satisfied,4,4,4,more than twice a week,No,Yes,Yes,Maybe,No,No,Yes,Yes,Agree,4,3,5 Most,5 Most,4,4,4,3,Nil,What the government did was good,3,4,3,4,5 Most,3,4,3,Can see Personal benefit and purpose ,"Social Media (Facebook, Twitter, etc), Government issued app",4,Nil
6/1/2023 21:09:31,55-64,Female,A homemaker,"High school graduate, diploma or the equivalent (for example: GED)",2,(4) No impact,3,4,4,4,4,3,once a month,No,No,Maybe,No,No,No,Maybe,Maybe,Agree,4,4,4,4,4,4,4,4,Sorry accidentally pressed that,I am not sure,4,3,3,3,4,1 Least,4,4,Their health and awareness,"Social Media (Facebook, Twitter, etc)",4,None
6/1/2023 21:17:48,45-54,Male,Employed full time,Bachelor’s degree,2,(4) No impact,3,5 Very satisfied,5 Very satisfied,5 Very satisfied,2,4,twice a month,Yes,Yes,Yes,Yes,Yes,Yes,Yes,Yes,Agree,4,3,3,4,4,4,3,3,,FGDs and surveys ,4,3,4,4,5 Most,3,5,4,Time. We can be too busy to respond.,"Social Media (Facebook, Twitter, etc), Government issued app",4,Offer incentives.
6/1/2023 21:18:51,45-54,Male,Employed full time,Master’s degree,2,(2) Reduced work,4,4,5 Very satisfied,5 Very satisfied,5,5,every day,Yes,Yes,Yes,Yes,No,Yes,Yes,Yes,Strongly agree,4,4,4,4,4,4,4,5 Most,Clear articulation of benefits ,Surveys,4,3,4,4,4,4,5,5,Feedback on their voice being heard ,"Government issued app, Government website",4,None yet 
6/1/2023 21:18:58,45-54,Male,Out of work but not currently looking for work,Associate degree,0,(4) No impact,4,1 Not applicable,5 Very satisfied,5 Very satisfied,3,3,more than twice a week,Yes,Maybe,Maybe,Maybe,Maybe,No,Maybe,Maybe,Strongly agree,3,4,5 Most,5 Most,5 Most,4,2,1 Least,,Thru Social media,5 Most,4,4,4,5 Most,1 Least,5,1,Financial incentive ,"Social Media (Facebook, Twitter, etc), Local community center (local MP)",1,Listen to Yr people
6/1/2023 21:24:01,55-64,Male,Employed full time,Master’s degree,1,(4) No impact,3,3,5 Very satisfied,5 Very satisfied,4,4,every day,No,Maybe,Maybe,Maybe,Maybe,Maybe,Maybe,Maybe,Strongly agree,5 Most,5 Most,5 Most,5 Most,5 Most,5 Most,5 Most,5 Most,,Feedback sessions,5 Most,4,5 Most,5 Most,5 Most,5 Most,5,2,Will their feedback be appreciated,Government issued app,3,Ensure feedback is recorded and appreciated 
6/1/2023 21:37:53,35-44,Male,Employed full time,"High school graduate, diploma or the equivalent (for example: GED)",0,(2) Reduced work,4,4,5 Very satisfied,5 Very satisfied,4,4,every day,Yes,Yes,Yes,Yes,Yes,Yes,Yes,Yes,Agree,4,4,4,4,4,4,4,1 Least,,-,4,4,4,4,4,4,4,4,-,"Government issued app, Government website",4,-
6/1/2023 21:59:28,55-64,Female,Employed full time,"High school graduate, diploma or the equivalent (for example: GED)",1,(4) No impact,2,1 Not applicable,3,5 Very satisfied,5,5,more than twice a week,Yes,Yes,Maybe,Yes,No,Yes,Yes,Yes,Strongly agree,5 Most,5 Most,5 Most,5 Most,5 Most,5 Most,5 Most,1 Least,,Notify n involve all citizens,5 Most,5 Most,5 Most,5 Most,5 Most,5 Most,5,1,Incentives,None cos government have not set up 1 app to address all issues faced by citizenz,1,Incentives
6/1/2023 22:19:16,45-54,Female,Employed full time,"High school graduate, diploma or the equivalent (for example: GED)",0,(4) No impact,3,4,4,4,4,5,every day,Maybe,Yes,Yes,Yes,Yes,Yes,Yes,Yes,Agree,4,2,4,4,4,4,4,1 Least,,Need to think about it,3,3,3,4,4,2,4,3,Nil,"Social Media (Facebook, Twitter, etc)",4,Nil
6/1/2023 22:25:36,45-54,Male,Employed full time,Bachelor’s degree,1,(2) Reduced work,2,1 Not applicable,3,2 Not satisfied,3,3,more than twice a week,No,Maybe,No,Maybe,No,No,Maybe,No,Strongly agree,4,5 Most,4,4,4,4,4,4,,Grassroots initiative,2,3,2,2,4,4,5,2,Have an impact on day to day lifestyle ,Local community center (local MP),3,Prototype
6/1/2023 22:25:54,65-74,Female,Retired,Bachelor’s degree,0,(4) No impact,3,3,5 Very satisfied,3,5,5,twice a month,Yes,Maybe,Yes,Maybe,Maybe,Maybe,Maybe,Yes,Agree,3,3,3,3,3,3,3,1 Least,,Sociol media channels ,4,3,4,4,3,1 Least,4,4,"Incentives, feel good feelings,",Government website,3,Focus groups of different age groups 
6/1/2023 22:34:33,25-34,Male,Employed full time,Bachelor’s degree,1,(4) No impact,3,5 Very satisfied,5 Very satisfied,5 Very satisfied,5,5,more than twice a week,Maybe,Maybe,Maybe,Maybe,No,No,Yes,Yes,Neutral,3,3,4,4,4,4,3,2,,Surveys,4,3,4,4,4,1 Least,4,5,If it affects their lives,"Social Media (Facebook, Twitter, etc)",3,Monetary incentive
6/1/2023 22:38:20,45-54,Female,Self-employed,Bachelor’s degree,1,(4) No impact,3,5 Very satisfied,5 Very satisfied,5 Very satisfied,4,4,every day,Maybe,Maybe,Yes,Maybe,Yes,Yes,Yes,Yes,Neutral,5 Most,5 Most,5 Most,5 Most,5 Most,5 Most,5 Most,5 Most,,Yes,5 Most,5 Most,5 Most,5 Most,5 Most,2,5,5,Yes,"Social Media (Facebook, Twitter, etc), Government issued app, Government website, Local community center (local MP)",5,Yes
6/1/2023 22:45:21,35-44,Male,Employed full time,Bachelor’s degree,1,(2) Reduced work,3,1 Not applicable,4,4,4,5,more than twice a week,Yes,Yes,Maybe,Yes,Yes,Yes,Yes,Maybe,Agree,5 Most,4,5 Most,5 Most,4,4,5 Most,4,,Neighbourhood ,4,4,4,4,4,1 Least,4,4,Motivation for health,"Social Media (Facebook, Twitter, etc)",3,Motivation for health 
6/1/2023 22:48:59,35-44,Male,Employed full time,Master’s degree,1,(4) No impact,3,3,4,3,4,4,more than twice a week,Maybe,Yes,Maybe,Yes,No,No,Yes,Yes,Strongly agree,5 Most,5 Most,5 Most,5 Most,5 Most,5 Most,5 Most,5 Most,,-,5 Most,5 Most,5 Most,5 Most,5 Most,5 Most,5,2,-,"Social Media (Facebook, Twitter, etc)",3,-
6/1/2023 23:18:26,55-64,Female,Self-employed,Master’s degree,1,(2) Reduced work,0,1 Not applicable,2 Not satisfied,2 Not satisfied,1,3,twice a month,No,No,No,No,No,No,No,No,Strongly agree,1 Least,1 Least,2,4,2,2,3,4,"Governments honesty,  transparency.  They've not been honest through the whole covid situation.  ",yes,1 Least,1 Least,3,1 Least,2,4,1,1,"Transparency  openess,  honesty, credibility",Word of mouth because social media is heavily censored. ,1,Transparency and honesty from the government.  They is no faith that they're looking out for the citizens.  It's very authoritarian.  Feedback goes nowhere.
6/2/2023 2:02:17,25-34,Female,Employed full time,Master’s degree,1,(4) No impact,4,5 Very satisfied,5 Very satisfied,4,4,4,more than twice a week,Yes,Yes,Yes,Yes,Yes,Yes,Yes,Maybe,Strongly agree,4,4,5 Most,5 Most,5 Most,3,4,5 Most,"Recycling and waste management tools, and a tool that consolidates, and allows filtering and register for relevant social welfare schemes and services",Local startups and SMEs being given opportunities to launch solutions through the city platform and support.,4,4,3,5 Most,5 Most,3,5,3,Hope of improved personal and societal well-being,"Government issued app, Government website, Citizen-initiated surveys and campaigns",4,Easy access to feedback platforms and raising awareness of such platforms through traditional news media channels and newspapers.
6/2/2023 8:27:18,45-54,Female,Employed full time,Master’s degree,1,(2) Reduced work,3,2 Not satisfied,5 Very satisfied,4,3,4,every day,No,No,No,Yes,Maybe,Maybe,Yes,No,Neutral,2,2,4,4,4,3,5 Most,1 Least,,Yes,3,3,3,2,3,2,5,3,Lack of knowledge ,Haven't given,3,Reach out to segment of people in ways that it's easy to get connected and doesn't take too much time 
6/2/2023 8:47:57,65-74,Male,Self-employed,"High school graduate, diploma or the equivalent (for example: GED)",1,(4) No impact,4,1 Not applicable,3,3,5,4,every day,Yes,Yes,Yes,Yes,Yes,Yes,Yes,Yes,Strongly agree,4,4,4,4,4,4,4,4,Technology and education are useful ,Promotion and publicity,3,3,4,4,4,4,5,5,Awareness ,"Government issued app, Local community center (local MP)",5,Open approach 
6/2/2023 8:57:59,35-44,Male,Employed full time,"High school graduate, diploma or the equivalent (for example: GED)",0,(3) More work,4,1 Not applicable,1 Not applicable,1 Not applicable,1,3,more than twice a week,Yes,Yes,Yes,Yes,No,Yes,Yes,Yes,Agree,3,3,3,3,3,3,3,1 Least,Good,Good,3,3,3,3,2,1 Least,3,3,Good,Government issued app,3,Good
6/2/2023 10:27:58,45-54,Male,Employed full time,Master’s degree,1,(4) No impact,3,3,3,3,4,4,every day,Yes,Maybe,Yes,Yes,Maybe,No,Yes,Yes,Strongly agree,4,4,4,4,4,4,4,1 Least,,Social and direct government ,5 Most,5 Most,5 Most,5 Most,5 Most,2,4,4,Transparent,"Social Media (Facebook, Twitter, etc), Government issued app",4,None
6/2/2023 11:41:53,45-54,Male,Employed full time,Master’s degree,1,(4) No impact,3,3,3,3,4,4,more than twice a week,Maybe,Maybe,Maybe,Maybe,No,No,Maybe,Yes,Agree,4,3,4,4,4,4,4,5 Most,,Social media and neighborhood meetings,3,3,4,4,4,1 Least,4,3,Work and lack of time,"Social Media (Facebook, Twitter, etc)",3,More information so that citizens are aware and can make informed decisions 
6/2/2023 12:10:18,45-54,Male,Self-employed,Doctorate degree,1,(4) No impact,3,4,5 Very satisfied,5 Very satisfied,4,4,more than twice a week,Yes,Yes,No,Maybe,No,Maybe,Yes,Yes,Strongly agree,3,3,3,3,3,1 Least,1 Least,2,,NA,2,3,3,3,3,2,5,2,NA,"Social Media (Facebook, Twitter, etc)",2,NA
6/2/2023 12:25:20,45-54,Male,Self-employed,"High school graduate, diploma or the equivalent (for example: GED)",1,(4) No impact,3,3,4,3,3,4,every day,Yes,Yes,Yes,Yes,Yes,Yes,Yes,Yes,Strongly agree,3,3,4,4,4,4,4,3,Nil,Yes,1 Least,2,2,3,4,3,5,4,Communication,"Social Media (Facebook, Twitter, etc), Government issued app",4,Nil
6/2/2023 12:48:29,45-54,Male,Employed full time,"High school graduate, diploma or the equivalent (for example: GED)",1,(2) Reduced work,3,2 Not satisfied,3,3,4,5,every day,Maybe,Maybe,Yes,Yes,Yes,Maybe,Yes,Yes,Agree,4,4,4,4,4,4,4,4,Incentives,Social media,3,4,4,4,4,3,4,4,Transparency ,Government website,3,Incentives 
6/2/2023 12:48:39,35-44,Female,Employed full time,Master’s degree,1,(4) No impact,2,1 Not applicable,3,3,5,5,every day,Yes,Yes,Yes,Yes,Yes,Yes,Yes,Yes,Strongly agree,5 Most,5 Most,5 Most,5 Most,5 Most,5 Most,5 Most,2,,App based,5 Most,1 Least,1 Least,1 Least,5 Most,1 Least,5,3,No incentive needed,"Government issued app, Government website",2,Survey more. Have an interactive app for communications
6/6/2023 17:20:05,25-34,Female,Out of work and looking for work,Master’s degree,1,(4) No impact,3,1 Not applicable,5 Very satisfied,3,3,2,more than twice a week,No,No,No,Yes,No,No,No,No,Agree,3,1 Least,4,4,4,4,4,5 Most,NA,Yes,3,3,2,4,4,4,3,3,Better lifestyle,"Social Media (Facebook, Twitter, etc)",3,Some kind of reward
6/6/2023 17:43:15,45-54,Male,Employed full time,Master’s degree,1,(2) Reduced work,4,3,5 Very satisfied,4,4,4,more than twice a week,Maybe,Maybe,Maybe,No,No,No,Maybe,Yes,Agree,3,2,4,4,4,3,3,4,Efficiency of public services,I’m not sure,5 Most,3,4,4,1 Least,3,4,3,Adequate communication. Citizens will be keen to participate if they believe the projects are useful and can improve their quality of life.,I rarely do,1,I’m not sure
6/6/2023 17:58:10,25-34,Female,Employed full time,Associate degree,1,(2) Reduced work,3,3,5 Very satisfied,5 Very satisfied,3,4,more than twice a week,No,Maybe,Yes,Maybe,No,No,Yes,Maybe,Neutral,3,3,5 Most,5 Most,5 Most,5 Most,5 Most,1 Least,,"through social media channels (polls, focus groups)",5 Most,3,5 Most,5 Most,5 Most,1 Least,5,2,incentives and actually being heard by the government ,"Social Media (Facebook, Twitter, etc), Local community center (local MP)",2,government showing that they actually listen and doing something about it
6/6/2023 18:03:15,35-44,Female,Employed full time,Bachelor’s degree,1,(4) No impact,3,2 Not satisfied,3,2 Not satisfied,2,3,every day,No,Maybe,No,No,No,No,Maybe,No,Strongly agree,5 Most,1 Least,5 Most,5 Most,4,3,4,1 Least,,In person forums,3,4,4,3,2,1 Least,5,2,Understanding the end goal/outcome and/or creating more equality ,"Social Media (Facebook, Twitter, etc)",3,More transparency.
6/6/2023 20:27:07,18-24,Female,Employed full time,"High school graduate, diploma or the equivalent (for example: GED)",2,(4) No impact,3,5 Very satisfied,5 Very satisfied,5 Very satisfied,5,5,every day,Maybe,Maybe,Yes,Yes,Yes,Yes,Yes,Yes,Strongly disagree,4,5 Most,5 Most,5 Most,5 Most,5 Most,5 Most,1 Least,,"Feedback sessions with the MPs, online feedback forms ",4,1 Least,3,4,4,1 Least,5,4,Receiving incentives ,"Social Media (Facebook, Twitter, etc), Local community center (local MP)",5,Government to take initiative to reach out to all social classes to understand better the woes they have. Incentives that would benefit such groups as they would feel heard.
6/6/2023 20:36:58,45-54,Female,Employed full time,Master’s degree,0,(2) Reduced work,3,1 Not applicable,5 Very satisfied,5 Very satisfied,5,5,more than twice a week,Yes,Yes,Yes,Yes,Yes,Yes,Yes,Yes,Strongly agree,5 Most,5 Most,5 Most,5 Most,5 Most,5 Most,5 Most,5 Most,Having a say in community goings-on,Either or / Any way is fine ,5 Most,5 Most,5 Most,5 Most,5 Most,5 Most,5,3,Understanding the objective and future implications ,"Social Media (Facebook, Twitter, etc), Local community center (local MP)",1,The local councils need to hear and act on what we recommend/suggest. They represent the Govt as a whole. So willing participation from them as an initial act would be promising 
6/6/2023 21:22:29,25-34,Male,Employed full time,"High school graduate, diploma or the equivalent (for example: GED)",0,(4) No impact,3,1 Not applicable,3,4,4,4,more than twice a week,Maybe,Maybe,No,Maybe,No,No,Yes,Yes,Agree,4,1 Least,4,4,4,4,4,1 Least,,Forums that are taken seriously ,3,3,3,4,4,1 Least,4,3,Incentives and transparency,"Social Media (Facebook, Twitter, etc)",2,Using a results based model with incentives
6/6/2023 22:13:43,35-44,Male,Employed full time,Master’s degree,2,(4) No impact,3,5 Very satisfied,5 Very satisfied,2 Not satisfied,2,5,every day,No,Maybe,Yes,Yes,No,Maybe,Yes,Yes,Agree,4,4,5 Most,5 Most,5 Most,5 Most,5 Most,1 Least,,Yes,5 Most,4,5 Most,3,2,1 Least,5,3,Relevance,Not,3,Active reach out
6/6/2023 22:15:24,25-34,Male,Self-employed,"Some college credit, no degree",2,(4) No impact,3,3,5 Very satisfied,4,2,2,every day,Maybe,No,Maybe,No,No,Yes,Maybe,Maybe,Strongly agree,3,3,5 Most,5 Most,5 Most,5 Most,5 Most,3,,more freedom of speech ,3,4,5 Most,4,3,2,5,3,Feeling that one can make a difference ,"Government issued app, Government website",5,"Don't hire consultants, hire local part time workers in the community to drive certain KPIs on the behalf of public sector "
6/6/2023 22:46:16,35-44,Female,Employed full time,Master’s degree,1,(4) No impact,3,1 Not applicable,5 Very satisfied,5 Very satisfied,1,4,every day,No,Maybe,Yes,Yes,No,No,Yes,Maybe,Strongly agree,3,3,5 Most,5 Most,5 Most,5 Most,5 Most,5 Most,Was not motivated but obligated in case of TT,"Whatsapp channel with links for surveys where applicable, information boards at the housing estates, information in icondo app, info distributed through HR at work",3,5 Most,4,4,4,5 Most,5,4,"Showing what’s in it for them, easiness of use","Government website, Local community center (local MP)",4,Make communications adjusted for different population groups
6/6/2023 23:13:23,25-34,Male,Self-employed,"High school graduate, diploma or the equivalent (for example: GED)",1,(4) No impact,2,5 Very satisfied,5 Very satisfied,5 Very satisfied,5,2,every day,Yes,Yes,No,No,No,No,Yes,Yes,Strongly agree,5 Most,1 Least,5 Most,5 Most,5 Most,5 Most,5 Most,1 Least,,Through a public forum/ dialogue and opportunity to give feedback on R&D,4,4,4,4,4,1 Least,5,5,Government’s transparency ,"Social Media (Facebook, Twitter, etc), Local community center (local MP)",3,"As a designer, I believe in the power of a persuasive message. I believe developing a campaign that delivers a strong and cohesive message, published on digital and physical spaces, will raise awareness on smart city solutions, promoting engagement with citizens and thereafter participation. "
6/7/2023 2:37:35,35-44,Male,Employed full time,Doctorate degree,1,(4) No impact,4,5 Very satisfied,5 Very satisfied,5 Very satisfied,5,4,every day,Maybe,Yes,Yes,Yes,Maybe,Maybe,Yes,Yes,Neutral,4,4,5 Most,5 Most,5 Most,3,4,3,Curiosity,Via app,3,3,4,4,3,3,3,3,Usefulness,"Government issued app, Government website",3,Create relevance
6/7/2023 11:48:04,25-34,Female,Employed full time,Bachelor’s degree,1,(4) No impact,3,4,5 Very satisfied,5 Very satisfied,5,5,every day,No,Maybe,Yes,Yes,Maybe,Maybe,Yes,Yes,Agree,4,2,4,5 Most,5 Most,5 Most,5 Most,1 Least,Had to put an answer for each row,"Social media channels, and surveys",5 Most,5 Most,4,5 Most,5 Most,1 Least,5,3,"Time, interest",Government issued app,4,-
6/7/2023 13:54:22,25-34,Female,Employed full time,Master’s degree,1,(4) No impact,2,3,3,3,4,2,every day,Maybe,Maybe,No,No,No,Yes,Maybe,Maybe,Agree,3,1 Least,5 Most,5 Most,4,4,3,1 Least,Was not allowed to skip or unselect other,Social media,5 Most,2,3,4,3,1 Least,4,4,Impact on lifestyle and cost,I don't,3,-
6/7/2023 14:51:35,18-24,Female,Employed full time,Bachelor’s degree,1,(4) No impact,3,4,5 Very satisfied,4,4,4,every day,No,Maybe,No,Maybe,Maybe,Maybe,Maybe,Maybe,Neutral,3,3,5 Most,5 Most,5 Most,5 Most,5 Most,3,,Perhaps generate forums. So that those who are active and want to participate can voice their opinion. While others who are within the area and are affected have access to the information and decisions made.  ,1 Least,5 Most,3,2,4,2,4,3,"Time - people often have other priorities and place that first such as work and family. Therefore if you were to incentivise them through monetary means, participation is often higher. Participants are often thinking ""what do I get out of this?"" ","Government issued app, Government website",3,It either has to be quick and simple or very engaging with some sort of reward 
6/9/2023 3:45:16,45-54,Male,Employed full time,Bachelor’s degree,0,(4) No impact,4,1 Not applicable,3,3,5,4,every day,Yes,Yes,Yes,Yes,No,No,Yes,No,Strongly agree,1 Least,1 Least,4,4,4,1 Least,4,1 Least,,Volunteers ,5 Most,3,5 Most,4,5 Most,1 Least,5,5,Privacy ,"Government issued app, Government website",5,None
6/11/2023 21:46:15,55-64,Male,Self-employed,Master’s degree,1,(4) No impact,4,1 Not applicable,4,4,4,4,more than twice a week,Maybe,Maybe,Yes,Yes,No,No,Yes,Maybe,Agree,4,3,3,4,3,4,3,1 Least,,Yes.,2,4,3,4,4,1 Least,5,2,The fact that they (the citizens) are most likely the ones who are going to end up paying for all of the experimentation done by the government agencies (via their tax contributions),I dont provide feedbaxk to the PAP government. ,1,Start by listening to the sentiments expressed by the common folk.
6/13/2023 13:20:33,25-34,Female,Employed full time,"Some college credit, no degree",1,(2) Reduced work,3,4,4,2 Not satisfied,5,1,every day,Maybe,Maybe,No,Yes,No,No,Maybe,Yes,Strongly agree,1 Least,3,5 Most,5 Most,5 Most,5 Most,5 Most,3,NA,Monetary claims,3,4,1 Least,3,5 Most,4,5,3,Monetary compensation,"Government issued app, Government website, Local community center (local MP)",3,NA
7/4/2023 22:55:18,25-34,Female,Employed full time,Bachelor’s degree,1,(3) More work,3,3,3,3,5,5,every day,Maybe,Yes,Yes,Yes,Yes,Yes,Yes,Yes,Strongly agree,4,4,4,4,4,4,4,4,,NA,4,4,4,4,4,4,4,4,Educating them on the pros ,"Social Media (Facebook, Twitter, etc), Government issued app, Government website",5,No comments